{
  "rmse": 83.75678846677646,
  "mape": 0.031716219909039514,
  "r2": 0.9717274581943676
}